"Title,Author,Description,Publication Date"
"The Total Money Makeover,""Dave Ramsey"",""A proven plan for financial fitness, focusing on paying off debt and building wealth."",2003"
"Your Money or Your Life,""Vicki Robin and Joe Dominguez"",""Transform your relationship with money and achieve financial independence."",1992"
"The Simple Path to Wealth,""JL Collins"",""A straightforward guide to achieving financial independence and retiring early through smart investing."",2016"
"I Will Teach You to Be Rich,""Ramit Sethi"",""A practical guide to personal finance, including budgeting, saving, and investing strategies."",2009"
"Rich Dad Poor Dad,""Robert T. Kiyosaki"",""A book about the importance of financial education, investing, and building wealth."",1997"
"The Millionaire Next Door,""Thomas J. Stanley and William D. Danko"",""Research-based insights into the habits and behaviors of America's wealthy individuals."",1996"
"Financial Freedom,""Grant Sabatier"",""A guide to achieving financial independence and early retirement through smart money management."",2019"
"Smart Women Finish Rich,""David Bach"",""Financial advice tailored specifically for women, focusing on building wealth and achieving financial goals."",1999"
"The Barefoot Investor,""Scott Pape"",""Simple, actionable advice for managing money, eliminating debt, and building wealth."",2016"
"Broke Millennial,""Erin Lowry"",""A step-by-step guide for young adults on managing money and building a secure financial future."",2017"
